<BackupInst xmlns="http://www.microsoft.com/GroupPolicy/GPOOperations/Manifest"><GPOGuid><![CDATA[{FE73E494-8EAC-4268-A16D-F159C508058C}]]></GPOGuid><GPODomain><![CDATA[lab.com]]></GPODomain><GPODomainGuid><![CDATA[{1a1b3204-5038-48c6-9256-44e2c674843d}]]></GPODomainGuid><GPODomainController><![CDATA[Lab2008DC1.lab.com]]></GPODomainController><BackupTime><![CDATA[2014-06-03T02:12:58]]></BackupTime><ID><![CDATA[{CF310A75-767E-483D-AEDE-8DC5C8456CD5}]]></ID><Comment><![CDATA[]]></Comment><GPODisplayName><![CDATA[DomainLockDown-DCs]]></GPODisplayName></BackupInst>
